{
  "start_index": 3,
  "accounts": [
    {
      "token": "MTQxMzk0MTkzNjMxMzg2NDE5Mg.GIYI52.OrGf4EElr-_x52Lb_6tvhEXpeEQq8vPS30LgCY",
      "channels": [
        {
          "id": "846661246303469598",
          "message": "SELL CHEAP AT <:Arrow:850540193626193941> BLOCKYU\nSELL SIGN  /SELL WESTERN BANNER  / SELL TAVERN SIGN / SELL MASSAGE IN A BOTTLE / SELL MASSAGE IN A DIAMOND BOTTLE / SELL MAILBOX / SELL BULLETIN BOARD / SELL GUESTBOOK / SELL BLUE MAILBOX / SELL SCROLL BULLETIN  / SELL OPEN SIGN / SELL CRAPPY SIGN / SELL DANGER SIGN / SELL RUINED SIGN / SELL WINTERFEST SIGN /SELL GEM SIGN / SELL STREET SIGN /SELL FOR SALE SIGN / SELL SHOP SIGN / SELL BUDDY'S SIGN / SELL HOLOGRAPHIC SIGN / SELL DIGITAL SIGN / SELL GREETINGS EARTHLINGS SIGN / SELL SPACE STATION SIGN / SELL WELCOME TO GROWTOPIA SIGN / SELL SHAMROCK SIGN / SELL VALENSIGN / SELL WORLD LOCK NEON SIGN / SELL GARDEN BENCH / SELL CITY BENCH / SELL WAITING ROOM CHAIR / SELL DIRECTOR'S CHAIR / SELL ZOMBIE HAND CHAIR / SELL GEOMETRIC BENCH / SELL BEANBAGSELL  ICE THRONE OF WINTER / SELL BLACK LEATHER COUCHSELL HAND CHAIR / SELL PARTY COUCH / SELL COUCH / SELL PRESIDENTIAL CHAIR / SELL LOVESEAT / SELL MANNEQUIN / SELL SAD MANNEQUIN / SELL LOL MANNEQUIN / SELL OMG MANNEQUIN / SELL TROLL MANNEQUIN / SELL HOLOGRAPHIC MANNEQUIN / SELL SHINY MANNEQUIN /SELL SNOWTOPIAN / SELL SANDTOPIAN\nSELL CHEAP AT <:Arrow:850540193626193941> BLOCKYU"
        },
        {
          "id": "846673193426354176",
          "message": "SELL CHEAP AT <:Arrow:850540193626193941> BLOCKYU\nSell Display shelf | Sell Wooden Platform | Sell Fish Landing | Sell Hover Platform | Sell Fire Escape | Sell Candy Cane Platform | Sell Bountiful Bamboo Platform | Sell Snowy Rocks Platform | Sell Seagull | Sell Rayman - Band Land Platform | Sell Rayman - Dream Forest Platform | Sell Bone Platform | Sell Starship Gloor Grill | Sell Galleons Mast - Crossbeam | Sell Sideways Vines | Sell Horizontacles | Sell Creepstone Platform | Sell Colonization Wagon Base | Sell Ladder | Sell Starship Deck Ladders | Sell Rickety Ladders | Sell Dark Walnut Ladders |  Sell Climbing Vine | Sell Bountiful Bamboo Ladders | Sell Stage Support | Sell Diving Board Support | Sell Assasins Creed: Renaissance Scaffolding | Sell Rayman - Dream Forest Lianas | Sell Subway Stairs | Sell Regal Stairs | Sell Diamond Regal Stairs | Sell Corn Field Ladder | Sell Sunflower Ladder | Sell Swamp Stump | Sell Stell Girder | Sell Sacred Scarf Block | Sell Staircase | Sell Tiled Staircase |\nSELL CHEAP AT <:Arrow:850540193626193941> BLOCKYU"
        }
      ]
    },
    {
      "token": "MTQxMzk0NDY5MjQwMzMzOTI5NQ.Gpf0Vz.StgRsJ1A3gK6_2KhVQc7bGXvIDUcefLlCVuxc8",
      "channels": [
        {
          "id": "846661246303469598",
          "message": "SELL CHEAP AT <:Arrow:850540193626193941> BLOCKPS\nSELL SIGN  /SELL WESTERN BANNER  / SELL TAVERN SIGN / SELL MASSAGE IN A BOTTLE / SELL MASSAGE IN A DIAMOND BOTTLE / SELL MAILBOX / SELL BULLETIN BOARD / SELL GUESTBOOK / SELL BLUE MAILBOX / SELL SCROLL BULLETIN  / SELL OPEN SIGN / SELL CRAPPY SIGN / SELL DANGER SIGN / SELL RUINED SIGN / SELL WINTERFEST SIGN /SELL GEM SIGN / SELL STREET SIGN /SELL FOR SALE SIGN / SELL SHOP SIGN / SELL BUDDY'S SIGN / SELL HOLOGRAPHIC SIGN / SELL DIGITAL SIGN / SELL GREETINGS EARTHLINGS SIGN / SELL SPACE STATION SIGN / SELL WELCOME TO GROWTOPIA SIGN / SELL SHAMROCK SIGN / SELL VALENSIGN / SELL WORLD LOCK NEON SIGN / SELL GARDEN BENCH / SELL CITY BENCH / SELL WAITING ROOM CHAIR / SELL DIRECTOR'S CHAIR / SELL ZOMBIE HAND CHAIR / SELL GEOMETRIC BENCH / SELL BEANBAGSELL  ICE THRONE OF WINTER / SELL BLACK LEATHER COUCHSELL HAND CHAIR / SELL PARTY COUCH / SELL COUCH / SELL PRESIDENTIAL CHAIR / SELL LOVESEAT / SELL MANNEQUIN / SELL SAD MANNEQUIN / SELL LOL MANNEQUIN / SELL OMG MANNEQUIN / SELL TROLL MANNEQUIN / SELL HOLOGRAPHIC MANNEQUIN / SELL SHINY MANNEQUIN /SELL SNOWTOPIAN / SELL SANDTOPIAN\nSELL CHEAP AT <:Arrow:850540193626193941> BLOCKPS"
        },
        {
          "id": "900860787298553877",
          "message": "SELL CHEAP AT <:Arrow:850540193626193941> BLOCKPS\n<:correct:999455082032672843>Sell Rollback Plaque VII\n<:correct:999455082032672843>Sell Rollback Plaque IX\nSELL CHEAP AT <:Arrow:850540193626193941> BLOCKPS"
        },
        {
          "id": "846673193426354176",
          "message": "SELL CHEAP AT <:Arrow:850540193626193941> BLOCKPS\nSell Display shelf | Sell Wooden Platform | Sell Fish Landing | Sell Hover Platform | Sell Fire Escape | Sell Candy Cane Platform | Sell Bountiful Bamboo Platform | Sell Snowy Rocks Platform | Sell Seagull | Sell Rayman - Band Land Platform | Sell Rayman - Dream Forest Platform | Sell Bone Platform | Sell Starship Gloor Grill | Sell Galleons Mast - Crossbeam | Sell Sideways Vines | Sell Horizontacles | Sell Creepstone Platform | Sell Colonization Wagon Base | Sell Ladder | Sell Starship Deck Ladders | Sell Rickety Ladders | Sell Dark Walnut Ladders |  Sell Climbing Vine | Sell Bountiful Bamboo Ladders | Sell Stage Support | Sell Diving Board Support | Sell Assasins Creed: Renaissance Scaffolding | Sell Rayman - Dream Forest Lianas | Sell Subway Stairs | Sell Regal Stairs | Sell Diamond Regal Stairs | Sell Corn Field Ladder | Sell Sunflower Ladder | Sell Swamp Stump | Sell Stell Girder | Sell Sacred Scarf Block | Sell Staircase | Sell Tiled Staircase |\nSELL CHEAP AT <:Arrow:850540193626193941> BLOCKPS"
        },
        {
          "id": "784189920742342688",
          "message": "SELL CHEAP AT <:Arrow:850540193626193941> BLOCKPS\n<:correct:999455082032672843>Sell Long Tree Log\n<:correct:999455082032672843>Sell Tall Tree Log\n<:correct:999455082032672843>Sell Santa's Chair\n<:correct:999455082032672843>Sell Snowflake Block\n<:correct:999455082032672843>Sell Snowy Rocks\n<:correct:999455082032672843>Sell Snow Block\n<:correct:999455082032672843>Sell Icy Igloo\nSELL CHEAP AT <:Arrow:850540193626193941> BLOCKPS"
        }
      ]
    },
    {
      "token": "MTQxMzk0NjY3ODYwMzQxNTU5Mw.GoFDQr.Wd5ZDu8tLvyt85XbHU5S7j7H9LJ_s-imTB6Gb8",
      "channels": [
        {
          "id": "846661246303469598",
          "message": "SELL CHEAP AT <:Arrow:850540193626193941> BLOCKXA\nSELL SIGN  /SELL WESTERN BANNER  / SELL TAVERN SIGN / SELL MASSAGE IN A BOTTLE / SELL MASSAGE IN A DIAMOND BOTTLE / SELL MAILBOX / SELL BULLETIN BOARD / SELL GUESTBOOK / SELL BLUE MAILBOX / SELL SCROLL BULLETIN  / SELL OPEN SIGN / SELL CRAPPY SIGN / SELL DANGER SIGN / SELL RUINED SIGN / SELL WINTERFEST SIGN /SELL GEM SIGN / SELL STREET SIGN /SELL FOR SALE SIGN / SELL SHOP SIGN / SELL BUDDY'S SIGN / SELL HOLOGRAPHIC SIGN / SELL DIGITAL SIGN / SELL GREETINGS EARTHLINGS SIGN / SELL SPACE STATION SIGN / SELL WELCOME TO GROWTOPIA SIGN / SELL SHAMROCK SIGN / SELL VALENSIGN / SELL WORLD LOCK NEON SIGN / SELL GARDEN BENCH / SELL CITY BENCH / SELL WAITING ROOM CHAIR / SELL DIRECTOR'S CHAIR / SELL ZOMBIE HAND CHAIR / SELL GEOMETRIC BENCH / SELL BEANBAGSELL  ICE THRONE OF WINTER / SELL BLACK LEATHER COUCHSELL HAND CHAIR / SELL PARTY COUCH / SELL COUCH / SELL PRESIDENTIAL CHAIR / SELL LOVESEAT / SELL MANNEQUIN / SELL SAD MANNEQUIN / SELL LOL MANNEQUIN / SELL OMG MANNEQUIN / SELL TROLL MANNEQUIN / SELL HOLOGRAPHIC MANNEQUIN / SELL SHINY MANNEQUIN /SELL SNOWTOPIAN / SELL SANDTOPIAN\nSELL CHEAP AT <:Arrow:850540193626193941> BLOCKXA"
        },
        {
          "id": "846673193426354176",
          "message": "SELL CHEAP AT <:Arrow:850540193626193941> BLOCKXA\nSell Display shelf | Sell Wooden Platform | Sell Fish Landing | Sell Hover Platform | Sell Fire Escape | Sell Candy Cane Platform | Sell Bountiful Bamboo Platform | Sell Snowy Rocks Platform | Sell Seagull | Sell Rayman - Band Land Platform | Sell Rayman - Dream Forest Platform | Sell Bone Platform | Sell Starship Gloor Grill | Sell Galleons Mast - Crossbeam | Sell Sideways Vines | Sell Horizontacles | Sell Creepstone Platform | Sell Colonization Wagon Base | Sell Ladder | Sell Starship Deck Ladders | Sell Rickety Ladders | Sell Dark Walnut Ladders |  Sell Climbing Vine | Sell Bountiful Bamboo Ladders | Sell Stage Support | Sell Diving Board Support | Sell Assasins Creed: Renaissance Scaffolding | Sell Rayman - Dream Forest Lianas | Sell Subway Stairs | Sell Regal Stairs | Sell Diamond Regal Stairs | Sell Corn Field Ladder | Sell Sunflower Ladder | Sell Swamp Stump | Sell Stell Girder | Sell Sacred Scarf Block | Sell Staircase | Sell Tiled Staircase |\nSELL CHEAP AT <:Arrow:850540193626193941> BLOCKXA"
        }
      ]
    },
    {
      "token": "MTQxMzk1MzM5MzUzNzQ1NDE2MA.GsUIjo.4wTmwwhw9aS0J1iWSS9kLWYy-IpmE5Yz1YEjdc",
      "channels": [
        {
          "id": "846661246303469598",
          "message": "SELL CHEAP AT <:Arrow:850540193626193941> BLOCKAM\nSELL SIGN  /SELL WESTERN BANNER  / SELL TAVERN SIGN / SELL MASSAGE IN A BOTTLE / SELL MASSAGE IN A DIAMOND BOTTLE / SELL MAILBOX / SELL BULLETIN BOARD / SELL GUESTBOOK / SELL BLUE MAILBOX / SELL SCROLL BULLETIN  / SELL OPEN SIGN / SELL CRAPPY SIGN / SELL DANGER SIGN / SELL RUINED SIGN / SELL WINTERFEST SIGN /SELL GEM SIGN / SELL STREET SIGN /SELL FOR SALE SIGN / SELL SHOP SIGN / SELL BUDDY'S SIGN / SELL HOLOGRAPHIC SIGN / SELL DIGITAL SIGN / SELL GREETINGS EARTHLINGS SIGN / SELL SPACE STATION SIGN / SELL WELCOME TO GROWTOPIA SIGN / SELL SHAMROCK SIGN / SELL VALENSIGN / SELL WORLD LOCK NEON SIGN / SELL GARDEN BENCH / SELL CITY BENCH / SELL WAITING ROOM CHAIR / SELL DIRECTOR'S CHAIR / SELL ZOMBIE HAND CHAIR / SELL GEOMETRIC BENCH / SELL BEANBAGSELL  ICE THRONE OF WINTER / SELL BLACK LEATHER COUCHSELL HAND CHAIR / SELL PARTY COUCH / SELL COUCH / SELL PRESIDENTIAL CHAIR / SELL LOVESEAT / SELL MANNEQUIN / SELL SAD MANNEQUIN / SELL LOL MANNEQUIN / SELL OMG MANNEQUIN / SELL TROLL MANNEQUIN / SELL HOLOGRAPHIC MANNEQUIN / SELL SHINY MANNEQUIN /SELL SNOWTOPIAN / SELL SANDTOPIAN\nSELL CHEAP AT <:Arrow:850540193626193941> BLOCKAM"
        },
        {
          "id": "846673193426354176",
          "message": "SELL CHEAP AT <:Arrow:850540193626193941> BLOCKAM\nSell Display shelf | Sell Wooden Platform | Sell Fish Landing | Sell Hover Platform | Sell Fire Escape | Sell Candy Cane Platform | Sell Bountiful Bamboo Platform | Sell Snowy Rocks Platform | Sell Seagull | Sell Rayman - Band Land Platform | Sell Rayman - Dream Forest Platform | Sell Bone Platform | Sell Starship Gloor Grill | Sell Galleons Mast - Crossbeam | Sell Sideways Vines | Sell Horizontacles | Sell Creepstone Platform | Sell Colonization Wagon Base | Sell Ladder | Sell Starship Deck Ladders | Sell Rickety Ladders | Sell Dark Walnut Ladders |  Sell Climbing Vine | Sell Bountiful Bamboo Ladders | Sell Stage Support | Sell Diving Board Support | Sell Assasins Creed: Renaissance Scaffolding | Sell Rayman - Dream Forest Lianas | Sell Subway Stairs | Sell Regal Stairs | Sell Diamond Regal Stairs | Sell Corn Field Ladder | Sell Sunflower Ladder | Sell Swamp Stump | Sell Stell Girder | Sell Sacred Scarf Block | Sell Staircase | Sell Tiled Staircase |\nSELL CHEAP AT <:Arrow:850540193626193941> BLOCKAM"
        },
        {
          "id": "784189920742342688",
          "message": "SELL CHEAP AT <:Arrow:850540193626193941> BLOCKAM\n<:correct:999455082032672843>Sell Long Tree Log\n<:correct:999455082032672843>Sell Tall Tree Log\n<:correct:999455082032672843>Sell Santa's Chair\n<:correct:999455082032672843>Sell Snowflake Block\n<:correct:999455082032672843>Sell Snowy Rocks\n<:correct:999455082032672843>Sell Snow Block\n<:correct:999455082032672843>Sell Icy Igloo\nSELL CHEAP AT <:Arrow:850540193626193941> BLOCKAM"
        }
      ]
    },
    {
      "token": "MTQxMzk1NTUzMzgyNzg2NjcxNA.GSoDFf.pwNp5Iot-_Y35j7vv4JDsEDVrv7vlRf981d47w",
      "channels": [
        {
          "id": "846661246303469598",
          "message": "SELL CHEAP AT <:Arrow:850540193626193941> BLOCKVZ\nSELL SIGN  /SELL WESTERN BANNER  / SELL TAVERN SIGN / SELL MASSAGE IN A BOTTLE / SELL MASSAGE IN A DIAMOND BOTTLE / SELL MAILBOX / SELL BULLETIN BOARD / SELL GUESTBOOK / SELL BLUE MAILBOX / SELL SCROLL BULLETIN  / SELL OPEN SIGN / SELL CRAPPY SIGN / SELL DANGER SIGN / SELL RUINED SIGN / SELL WINTERFEST SIGN /SELL GEM SIGN / SELL STREET SIGN /SELL FOR SALE SIGN / SELL SHOP SIGN / SELL BUDDY'S SIGN / SELL HOLOGRAPHIC SIGN / SELL DIGITAL SIGN / SELL GREETINGS EARTHLINGS SIGN / SELL SPACE STATION SIGN / SELL WELCOME TO GROWTOPIA SIGN / SELL SHAMROCK SIGN / SELL VALENSIGN / SELL WORLD LOCK NEON SIGN / SELL GARDEN BENCH / SELL CITY BENCH / SELL WAITING ROOM CHAIR / SELL DIRECTOR'S CHAIR / SELL ZOMBIE HAND CHAIR / SELL GEOMETRIC BENCH / SELL BEANBAGSELL  ICE THRONE OF WINTER / SELL BLACK LEATHER COUCHSELL HAND CHAIR / SELL PARTY COUCH / SELL COUCH / SELL PRESIDENTIAL CHAIR / SELL LOVESEAT / SELL MANNEQUIN / SELL SAD MANNEQUIN / SELL LOL MANNEQUIN / SELL OMG MANNEQUIN / SELL TROLL MANNEQUIN / SELL HOLOGRAPHIC MANNEQUIN / SELL SHINY MANNEQUIN /SELL SNOWTOPIAN / SELL SANDTOPIAN\nSELL CHEAP AT <:Arrow:850540193626193941> BLOCKVZ"
        },
        {
          "id": "846673193426354176",
          "message": "SELL CHEAP AT <:Arrow:850540193626193941> BLOCKVZ\nSell Display shelf | Sell Wooden Platform | Sell Fish Landing | Sell Hover Platform | Sell Fire Escape | Sell Candy Cane Platform | Sell Bountiful Bamboo Platform | Sell Snowy Rocks Platform | Sell Seagull | Sell Rayman - Band Land Platform | Sell Rayman - Dream Forest Platform | Sell Bone Platform | Sell Starship Gloor Grill | Sell Galleons Mast - Crossbeam | Sell Sideways Vines | Sell Horizontacles | Sell Creepstone Platform | Sell Colonization Wagon Base | Sell Ladder | Sell Starship Deck Ladders | Sell Rickety Ladders | Sell Dark Walnut Ladders |  Sell Climbing Vine | Sell Bountiful Bamboo Ladders | Sell Stage Support | Sell Diving Board Support | Sell Assasins Creed: Renaissance Scaffolding | Sell Rayman - Dream Forest Lianas | Sell Subway Stairs | Sell Regal Stairs | Sell Diamond Regal Stairs | Sell Corn Field Ladder | Sell Sunflower Ladder | Sell Swamp Stump | Sell Stell Girder | Sell Sacred Scarf Block | Sell Staircase | Sell Tiled Staircase |\nSELL CHEAP AT <:Arrow:850540193626193941> BLOCKVZ"
        }
      ]
    },
    {
      "token": "MTQxMzk2Mjc2OTUxMzk3MTgwMw.Gb5xLC.XMEgM8lP5B4kFbgGV2WCd2Jt_X-srL3_FkTC-E",
      "channels": [
        {
          "id": "846661246303469598",
          "message": "SELL CHEAP AT <:Arrow:850540193626193941> BLOCKHB\nSELL SIGN  /SELL WESTERN BANNER  / SELL TAVERN SIGN / SELL MASSAGE IN A BOTTLE / SELL MASSAGE IN A DIAMOND BOTTLE / SELL MAILBOX / SELL BULLETIN BOARD / SELL GUESTBOOK / SELL BLUE MAILBOX / SELL SCROLL BULLETIN  / SELL OPEN SIGN / SELL CRAPPY SIGN / SELL DANGER SIGN / SELL RUINED SIGN / SELL WINTERFEST SIGN /SELL GEM SIGN / SELL STREET SIGN /SELL FOR SALE SIGN / SELL SHOP SIGN / SELL BUDDY'S SIGN / SELL HOLOGRAPHIC SIGN / SELL DIGITAL SIGN / SELL GREETINGS EARTHLINGS SIGN / SELL SPACE STATION SIGN / SELL WELCOME TO GROWTOPIA SIGN / SELL SHAMROCK SIGN / SELL VALENSIGN / SELL WORLD LOCK NEON SIGN / SELL GARDEN BENCH / SELL CITY BENCH / SELL WAITING ROOM CHAIR / SELL DIRECTOR'S CHAIR / SELL ZOMBIE HAND CHAIR / SELL GEOMETRIC BENCH / SELL BEANBAGSELL  ICE THRONE OF WINTER / SELL BLACK LEATHER COUCHSELL HAND CHAIR / SELL PARTY COUCH / SELL COUCH / SELL PRESIDENTIAL CHAIR / SELL LOVESEAT / SELL MANNEQUIN / SELL SAD MANNEQUIN / SELL LOL MANNEQUIN / SELL OMG MANNEQUIN / SELL TROLL MANNEQUIN / SELL HOLOGRAPHIC MANNEQUIN / SELL SHINY MANNEQUIN /SELL SNOWTOPIAN / SELL SANDTOPIAN\nSELL CHEAP AT <:Arrow:850540193626193941> BLOCKHB"
        },
        {
          "id": "900860787298553877",
          "message": "SELL CHEAP AT <:Arrow:850540193626193941> BLOCKHB\n<:correct:999455082032672843>Sell Rollback Plaque VII\n<:correct:999455082032672843>Sell Rollback Plaque IX\nSELL CHEAP AT <:Arrow:850540193626193941> BLOCKHB"
        },
        {
          "id": "846673193426354176",
          "message": "SELL CHEAP AT <:Arrow:850540193626193941> BLOCKHB\nSell Display shelf | Sell Wooden Platform | Sell Fish Landing | Sell Hover Platform | Sell Fire Escape | Sell Candy Cane Platform | Sell Bountiful Bamboo Platform | Sell Snowy Rocks Platform | Sell Seagull | Sell Rayman - Band Land Platform | Sell Rayman - Dream Forest Platform | Sell Bone Platform | Sell Starship Gloor Grill | Sell Galleons Mast - Crossbeam | Sell Sideways Vines | Sell Horizontacles | Sell Creepstone Platform | Sell Colonization Wagon Base | Sell Ladder | Sell Starship Deck Ladders | Sell Rickety Ladders | Sell Dark Walnut Ladders |  Sell Climbing Vine | Sell Bountiful Bamboo Ladders | Sell Stage Support | Sell Diving Board Support | Sell Assasins Creed: Renaissance Scaffolding | Sell Rayman - Dream Forest Lianas | Sell Subway Stairs | Sell Regal Stairs | Sell Diamond Regal Stairs | Sell Corn Field Ladder | Sell Sunflower Ladder | Sell Swamp Stump | Sell Stell Girder | Sell Sacred Scarf Block | Sell Staircase | Sell Tiled Staircase |\nSELL CHEAP AT <:Arrow:850540193626193941> BLOCKHB"
        },
        {
          "id": "784189920742342688",
          "message": "SELL CHEAP AT <:Arrow:850540193626193941> BLOCKHB\n<:correct:999455082032672843>Sell Long Tree Log\n<:correct:999455082032672843>Sell Tall Tree Log\n<:correct:999455082032672843>Sell Santa's Chair\n<:correct:999455082032672843>Sell Snowflake Block\n<:correct:999455082032672843>Sell Snowy Rocks\n<:correct:999455082032672843>Sell Snow Block\n<:correct:999455082032672843>Sell Icy Igloo\nSELL CHEAP AT <:Arrow:850540193626193941> BLOCKHB"
        }
      ]
    },
    {
      "token": "MTQxMzk2NTU1MjAwNjcyOTgzNA.GQyzfi.sNm2kixoqKENcHIpCF0Tu1fGVAtNc8zOuNdm3E",
      "channels": [
        {
          "id": "846661246303469598",
          "message": "SELL CHEAP AT <:Arrow:850540193626193941> BLOCKIJ\nSELL SIGN  /SELL WESTERN BANNER  / SELL TAVERN SIGN / SELL MASSAGE IN A BOTTLE / SELL MASSAGE IN A DIAMOND BOTTLE / SELL MAILBOX / SELL BULLETIN BOARD / SELL GUESTBOOK / SELL BLUE MAILBOX / SELL SCROLL BULLETIN  / SELL OPEN SIGN / SELL CRAPPY SIGN / SELL DANGER SIGN / SELL RUINED SIGN / SELL WINTERFEST SIGN /SELL GEM SIGN / SELL STREET SIGN /SELL FOR SALE SIGN / SELL SHOP SIGN / SELL BUDDY'S SIGN / SELL HOLOGRAPHIC SIGN / SELL DIGITAL SIGN / SELL GREETINGS EARTHLINGS SIGN / SELL SPACE STATION SIGN / SELL WELCOME TO GROWTOPIA SIGN / SELL SHAMROCK SIGN / SELL VALENSIGN / SELL WORLD LOCK NEON SIGN / SELL GARDEN BENCH / SELL CITY BENCH / SELL WAITING ROOM CHAIR / SELL DIRECTOR'S CHAIR / SELL ZOMBIE HAND CHAIR / SELL GEOMETRIC BENCH / SELL BEANBAGSELL  ICE THRONE OF WINTER / SELL BLACK LEATHER COUCHSELL HAND CHAIR / SELL PARTY COUCH / SELL COUCH / SELL PRESIDENTIAL CHAIR / SELL LOVESEAT / SELL MANNEQUIN / SELL SAD MANNEQUIN / SELL LOL MANNEQUIN / SELL OMG MANNEQUIN / SELL TROLL MANNEQUIN / SELL HOLOGRAPHIC MANNEQUIN / SELL SHINY MANNEQUIN /SELL SNOWTOPIAN / SELL SANDTOPIAN\nSELL CHEAP AT <:Arrow:850540193626193941> BLOCKIJ"
        },
        {
          "id": "846673193426354176",
          "message": "SELL CHEAP AT <:Arrow:850540193626193941> BLOCKIJ\nSell Display shelf | Sell Wooden Platform | Sell Fish Landing | Sell Hover Platform | Sell Fire Escape | Sell Candy Cane Platform | Sell Bountiful Bamboo Platform | Sell Snowy Rocks Platform | Sell Seagull | Sell Rayman - Band Land Platform | Sell Rayman - Dream Forest Platform | Sell Bone Platform | Sell Starship Gloor Grill | Sell Galleons Mast - Crossbeam | Sell Sideways Vines | Sell Horizontacles | Sell Creepstone Platform | Sell Colonization Wagon Base | Sell Ladder | Sell Starship Deck Ladders | Sell Rickety Ladders | Sell Dark Walnut Ladders |  Sell Climbing Vine | Sell Bountiful Bamboo Ladders | Sell Stage Support | Sell Diving Board Support | Sell Assasins Creed: Renaissance Scaffolding | Sell Rayman - Dream Forest Lianas | Sell Subway Stairs | Sell Regal Stairs | Sell Diamond Regal Stairs | Sell Corn Field Ladder | Sell Sunflower Ladder | Sell Swamp Stump | Sell Stell Girder | Sell Sacred Scarf Block | Sell Staircase | Sell Tiled Staircase |\nSELL CHEAP AT <:Arrow:850540193626193941> BLOCKIJ"
        }
      ]
    },
    {
      "token": "MTQxMzk2NzA4MTc1NzYwNTk2MQ.GjCywq.Bu-g0aTGB6NGUAl67rze4UVjPoB_5S1nIXAoFk",
      "channels": [
        {
          "id": "846661246303469598",
          "message": "SELL CHEAP AT <:Arrow:850540193626193941> KEAD\nSELL SIGN  /SELL WESTERN BANNER  / SELL TAVERN SIGN / SELL MASSAGE IN A BOTTLE / SELL MASSAGE IN A DIAMOND BOTTLE / SELL MAILBOX / SELL BULLETIN BOARD / SELL GUESTBOOK / SELL BLUE MAILBOX / SELL SCROLL BULLETIN  / SELL OPEN SIGN / SELL CRAPPY SIGN / SELL DANGER SIGN / SELL RUINED SIGN / SELL WINTERFEST SIGN /SELL GEM SIGN / SELL STREET SIGN /SELL FOR SALE SIGN / SELL SHOP SIGN / SELL BUDDY'S SIGN / SELL HOLOGRAPHIC SIGN / SELL DIGITAL SIGN / SELL GREETINGS EARTHLINGS SIGN / SELL SPACE STATION SIGN / SELL WELCOME TO GROWTOPIA SIGN / SELL SHAMROCK SIGN / SELL VALENSIGN / SELL WORLD LOCK NEON SIGN / SELL GARDEN BENCH / SELL CITY BENCH / SELL WAITING ROOM CHAIR / SELL DIRECTOR'S CHAIR / SELL ZOMBIE HAND CHAIR / SELL GEOMETRIC BENCH / SELL BEANBAGSELL  ICE THRONE OF WINTER / SELL BLACK LEATHER COUCHSELL HAND CHAIR / SELL PARTY COUCH / SELL COUCH / SELL PRESIDENTIAL CHAIR / SELL LOVESEAT / SELL MANNEQUIN / SELL SAD MANNEQUIN / SELL LOL MANNEQUIN / SELL OMG MANNEQUIN / SELL TROLL MANNEQUIN / SELL HOLOGRAPHIC MANNEQUIN / SELL SHINY MANNEQUIN /SELL SNOWTOPIAN / SELL SANDTOPIAN\nSELL CHEAP AT <:Arrow:850540193626193941> KEAD"
        },
        {
          "id": "846673193426354176",
          "message": "SELL CHEAP AT <:Arrow:850540193626193941> KEAD\nSell Display shelf | Sell Wooden Platform | Sell Fish Landing | Sell Hover Platform | Sell Fire Escape | Sell Candy Cane Platform | Sell Bountiful Bamboo Platform | Sell Snowy Rocks Platform | Sell Seagull | Sell Rayman - Band Land Platform | Sell Rayman - Dream Forest Platform | Sell Bone Platform | Sell Starship Gloor Grill | Sell Galleons Mast - Crossbeam | Sell Sideways Vines | Sell Horizontacles | Sell Creepstone Platform | Sell Colonization Wagon Base | Sell Ladder | Sell Starship Deck Ladders | Sell Rickety Ladders | Sell Dark Walnut Ladders |  Sell Climbing Vine | Sell Bountiful Bamboo Ladders | Sell Stage Support | Sell Diving Board Support | Sell Assasins Creed: Renaissance Scaffolding | Sell Rayman - Dream Forest Lianas | Sell Subway Stairs | Sell Regal Stairs | Sell Diamond Regal Stairs | Sell Corn Field Ladder | Sell Sunflower Ladder | Sell Swamp Stump | Sell Stell Girder | Sell Sacred Scarf Block | Sell Staircase | Sell Tiled Staircase |\nSELL CHEAP AT <:Arrow:850540193626193941> KEAD"
        },
        {
          "id": "784189920742342688",
          "message": "SELL CHEAP AT <:Arrow:850540193626193941> KEAD\n<:correct:999455082032672843>Sell Long Tree Log\n<:correct:999455082032672843>Sell Tall Tree Log\n<:correct:999455082032672843>Sell Santa's Chair\n<:correct:999455082032672843>Sell Snowflake Block\n<:correct:999455082032672843>Sell Snowy Rocks\n<:correct:999455082032672843>Sell Snow Block\n<:correct:999455082032672843>Sell Icy Igloo\nSELL CHEAP AT <:Arrow:850540193626193941> KEAD"
        }
      ]
    },
    {
      "token": "MTMwNjI2MDk3NjEzMTExNzA1OA.G9dLZL.I4Dh0oTMUsVyv85uSMKQC9ZuzYOPoN5i4MujlY",
      "channels": [
        {
          "id": "846661246303469598",
          "message": "SELL CHEAP AT <:Arrow:850540193626193941> PODU\nSELL SIGN  /SELL WESTERN BANNER  / SELL TAVERN SIGN / SELL MASSAGE IN A BOTTLE / SELL MASSAGE IN A DIAMOND BOTTLE / SELL MAILBOX / SELL BULLETIN BOARD / SELL GUESTBOOK / SELL BLUE MAILBOX / SELL SCROLL BULLETIN  / SELL OPEN SIGN / SELL CRAPPY SIGN / SELL DANGER SIGN / SELL RUINED SIGN / SELL WINTERFEST SIGN /SELL GEM SIGN / SELL STREET SIGN /SELL FOR SALE SIGN / SELL SHOP SIGN / SELL BUDDY'S SIGN / SELL HOLOGRAPHIC SIGN / SELL DIGITAL SIGN / SELL GREETINGS EARTHLINGS SIGN / SELL SPACE STATION SIGN / SELL WELCOME TO GROWTOPIA SIGN / SELL SHAMROCK SIGN / SELL VALENSIGN / SELL WORLD LOCK NEON SIGN / SELL GARDEN BENCH / SELL CITY BENCH / SELL WAITING ROOM CHAIR / SELL DIRECTOR'S CHAIR / SELL ZOMBIE HAND CHAIR / SELL GEOMETRIC BENCH / SELL BEANBAGSELL  ICE THRONE OF WINTER / SELL BLACK LEATHER COUCHSELL HAND CHAIR / SELL PARTY COUCH / SELL COUCH / SELL PRESIDENTIAL CHAIR / SELL LOVESEAT / SELL MANNEQUIN / SELL SAD MANNEQUIN / SELL LOL MANNEQUIN / SELL OMG MANNEQUIN / SELL TROLL MANNEQUIN / SELL HOLOGRAPHIC MANNEQUIN / SELL SHINY MANNEQUIN /SELL SNOWTOPIAN / SELL SANDTOPIAN\nSELL CHEAP AT <:Arrow:850540193626193941> PODU"
        },
        {
          "id": "846673193426354176",
          "message": "SELL CHEAP AT <:Arrow:850540193626193941> PODU\nSell Display shelf | Sell Wooden Platform | Sell Fish Landing | Sell Hover Platform | Sell Fire Escape | Sell Candy Cane Platform | Sell Bountiful Bamboo Platform | Sell Snowy Rocks Platform | Sell Seagull | Sell Rayman - Band Land Platform | Sell Rayman - Dream Forest Platform | Sell Bone Platform | Sell Starship Gloor Grill | Sell Galleons Mast - Crossbeam | Sell Sideways Vines | Sell Horizontacles | Sell Creepstone Platform | Sell Colonization Wagon Base | Sell Ladder | Sell Starship Deck Ladders | Sell Rickety Ladders | Sell Dark Walnut Ladders |  Sell Climbing Vine | Sell Bountiful Bamboo Ladders | Sell Stage Support | Sell Diving Board Support | Sell Assasins Creed: Renaissance Scaffolding | Sell Rayman - Dream Forest Lianas | Sell Subway Stairs | Sell Regal Stairs | Sell Diamond Regal Stairs | Sell Corn Field Ladder | Sell Sunflower Ladder | Sell Swamp Stump | Sell Stell Girder | Sell Sacred Scarf Block | Sell Staircase | Sell Tiled Staircase |\nSELL CHEAP AT <:Arrow:850540193626193941> PODU"
        }
      ]
    },
    {
      "token": "MTQxNDE1MTkxNTU0NTE3MDAzMQ.Gor-Ca.tQWVF5SN08slGzOHbYiaOdzvuY61LKgfFmPPp4",
      "channels": [
        {
          "id": "846661246303469598",
          "message": "SELL CHEAP AT <:Arrow:850540193626193941> BLOCKMS\nSELL SIGN  /SELL WESTERN BANNER  / SELL TAVERN SIGN / SELL MASSAGE IN A BOTTLE / SELL MASSAGE IN A DIAMOND BOTTLE / SELL MAILBOX / SELL BULLETIN BOARD / SELL GUESTBOOK / SELL BLUE MAILBOX / SELL SCROLL BULLETIN  / SELL OPEN SIGN / SELL CRAPPY SIGN / SELL DANGER SIGN / SELL RUINED SIGN / SELL WINTERFEST SIGN /SELL GEM SIGN / SELL STREET SIGN /SELL FOR SALE SIGN / SELL SHOP SIGN / SELL BUDDY'S SIGN / SELL HOLOGRAPHIC SIGN / SELL DIGITAL SIGN / SELL GREETINGS EARTHLINGS SIGN / SELL SPACE STATION SIGN / SELL WELCOME TO GROWTOPIA SIGN / SELL SHAMROCK SIGN / SELL VALENSIGN / SELL WORLD LOCK NEON SIGN / SELL GARDEN BENCH / SELL CITY BENCH / SELL WAITING ROOM CHAIR / SELL DIRECTOR'S CHAIR / SELL ZOMBIE HAND CHAIR / SELL GEOMETRIC BENCH / SELL BEANBAGSELL  ICE THRONE OF WINTER / SELL BLACK LEATHER COUCHSELL HAND CHAIR / SELL PARTY COUCH / SELL COUCH / SELL PRESIDENTIAL CHAIR / SELL LOVESEAT / SELL MANNEQUIN / SELL SAD MANNEQUIN / SELL LOL MANNEQUIN / SELL OMG MANNEQUIN / SELL TROLL MANNEQUIN / SELL HOLOGRAPHIC MANNEQUIN / SELL SHINY MANNEQUIN /SELL SNOWTOPIAN / SELL SANDTOPIAN\nSELL CHEAP AT <:Arrow:850540193626193941> BLOCKMS"
        },
        {
          "id": "846673193426354176",
          "message": "SELL CHEAP AT <:Arrow:850540193626193941> BLOCKMS\nSell Display shelf | Sell Wooden Platform | Sell Fish Landing | Sell Hover Platform | Sell Fire Escape | Sell Candy Cane Platform | Sell Bountiful Bamboo Platform | Sell Snowy Rocks Platform | Sell Seagull | Sell Rayman - Band Land Platform | Sell Rayman - Dream Forest Platform | Sell Bone Platform | Sell Starship Gloor Grill | Sell Galleons Mast - Crossbeam | Sell Sideways Vines | Sell Horizontacles | Sell Creepstone Platform | Sell Colonization Wagon Base | Sell Ladder | Sell Starship Deck Ladders | Sell Rickety Ladders | Sell Dark Walnut Ladders |  Sell Climbing Vine | Sell Bountiful Bamboo Ladders | Sell Stage Support | Sell Diving Board Support | Sell Assasins Creed: Renaissance Scaffolding | Sell Rayman - Dream Forest Lianas | Sell Subway Stairs | Sell Regal Stairs | Sell Diamond Regal Stairs | Sell Corn Field Ladder | Sell Sunflower Ladder | Sell Swamp Stump | Sell Stell Girder | Sell Sacred Scarf Block | Sell Staircase | Sell Tiled Staircase |\nSELL CHEAP AT <:Arrow:850540193626193941> BLOCKMS"
        },
        {
          "id": "784189920742342688",
          "message": "SELL CHEAP AT <:Arrow:850540193626193941> BLOCKMS\n<:correct:999455082032672843>Sell Long Tree Log\n<:correct:999455082032672843>Sell Tall Tree Log\n<:correct:999455082032672843>Sell Santa's Chair\n<:correct:999455082032672843>Sell Snowflake Block\n<:correct:999455082032672843>Sell Snowy Rocks\n<:correct:999455082032672843>Sell Snow Block\n<:correct:999455082032672843>Sell Icy Igloo\nSELL CHEAP AT <:Arrow:850540193626193941> BLOCKMS"
        }
      ]
    },
    {
      "token": "MTQxNDE1NzI2NzU2MTA4NzAyOA.Gs7s_k.acHnxDrKk9iz8XZMJMRNtOp0qsW9isG16BoC3s",
      "channels": [
        {
          "id": "846661246303469598",
          "message": "SELL CHEAP AT <:Arrow:850540193626193941> BLOCKIM\nSELL SIGN  /SELL WESTERN BANNER  / SELL TAVERN SIGN / SELL MASSAGE IN A BOTTLE / SELL MASSAGE IN A DIAMOND BOTTLE / SELL MAILBOX / SELL BULLETIN BOARD / SELL GUESTBOOK / SELL BLUE MAILBOX / SELL SCROLL BULLETIN  / SELL OPEN SIGN / SELL CRAPPY SIGN / SELL DANGER SIGN / SELL RUINED SIGN / SELL WINTERFEST SIGN /SELL GEM SIGN / SELL STREET SIGN /SELL FOR SALE SIGN / SELL SHOP SIGN / SELL BUDDY'S SIGN / SELL HOLOGRAPHIC SIGN / SELL DIGITAL SIGN / SELL GREETINGS EARTHLINGS SIGN / SELL SPACE STATION SIGN / SELL WELCOME TO GROWTOPIA SIGN / SELL SHAMROCK SIGN / SELL VALENSIGN / SELL WORLD LOCK NEON SIGN / SELL GARDEN BENCH / SELL CITY BENCH / SELL WAITING ROOM CHAIR / SELL DIRECTOR'S CHAIR / SELL ZOMBIE HAND CHAIR / SELL GEOMETRIC BENCH / SELL BEANBAGSELL  ICE THRONE OF WINTER / SELL BLACK LEATHER COUCHSELL HAND CHAIR / SELL PARTY COUCH / SELL COUCH / SELL PRESIDENTIAL CHAIR / SELL LOVESEAT / SELL MANNEQUIN / SELL SAD MANNEQUIN / SELL LOL MANNEQUIN / SELL OMG MANNEQUIN / SELL TROLL MANNEQUIN / SELL HOLOGRAPHIC MANNEQUIN / SELL SHINY MANNEQUIN /SELL SNOWTOPIAN / SELL SANDTOPIAN\nSELL CHEAP AT <:Arrow:850540193626193941> BLOCKIM"
        },
        {
          "id": "846673193426354176",
          "message": "SELL CHEAP AT <:Arrow:850540193626193941> BLOCKIM\nSell Display shelf | Sell Wooden Platform | Sell Fish Landing | Sell Hover Platform | Sell Fire Escape | Sell Candy Cane Platform | Sell Bountiful Bamboo Platform | Sell Snowy Rocks Platform | Sell Seagull | Sell Rayman - Band Land Platform | Sell Rayman - Dream Forest Platform | Sell Bone Platform | Sell Starship Gloor Grill | Sell Galleons Mast - Crossbeam | Sell Sideways Vines | Sell Horizontacles | Sell Creepstone Platform | Sell Colonization Wagon Base | Sell Ladder | Sell Starship Deck Ladders | Sell Rickety Ladders | Sell Dark Walnut Ladders |  Sell Climbing Vine | Sell Bountiful Bamboo Ladders | Sell Stage Support | Sell Diving Board Support | Sell Assasins Creed: Renaissance Scaffolding | Sell Rayman - Dream Forest Lianas | Sell Subway Stairs | Sell Regal Stairs | Sell Diamond Regal Stairs | Sell Corn Field Ladder | Sell Sunflower Ladder | Sell Swamp Stump | Sell Stell Girder | Sell Sacred Scarf Block | Sell Staircase | Sell Tiled Staircase |\nSELL CHEAP AT <:Arrow:850540193626193941> BLOCKIM"
        }
      ]
    },
    {
      "token": "MTQxNDI2MTM1Mzg2NjA2ODAwOA.GJQkQH.oKBcaMeCEOnvk_UAd6SDY9orrKcb682oRiTBHY",
      "channels": [
        {
          "id": "846661246303469598",
          "message": "SELL CHEAP AT <:Arrow:850540193626193941> BLOCKKR\nSELL SIGN  /SELL WESTERN BANNER  / SELL TAVERN SIGN / SELL MASSAGE IN A BOTTLE / SELL MASSAGE IN A DIAMOND BOTTLE / SELL MAILBOX / SELL BULLETIN BOARD / SELL GUESTBOOK / SELL BLUE MAILBOX / SELL SCROLL BULLETIN  / SELL OPEN SIGN / SELL CRAPPY SIGN / SELL DANGER SIGN / SELL RUINED SIGN / SELL WINTERFEST SIGN /SELL GEM SIGN / SELL STREET SIGN /SELL FOR SALE SIGN / SELL SHOP SIGN / SELL BUDDY'S SIGN / SELL HOLOGRAPHIC SIGN / SELL DIGITAL SIGN / SELL GREETINGS EARTHLINGS SIGN / SELL SPACE STATION SIGN / SELL WELCOME TO GROWTOPIA SIGN / SELL SHAMROCK SIGN / SELL VALENSIGN / SELL WORLD LOCK NEON SIGN / SELL GARDEN BENCH / SELL CITY BENCH / SELL WAITING ROOM CHAIR / SELL DIRECTOR'S CHAIR / SELL ZOMBIE HAND CHAIR / SELL GEOMETRIC BENCH / SELL BEANBAGSELL  ICE THRONE OF WINTER / SELL BLACK LEATHER COUCHSELL HAND CHAIR / SELL PARTY COUCH / SELL COUCH / SELL PRESIDENTIAL CHAIR / SELL LOVESEAT / SELL MANNEQUIN / SELL SAD MANNEQUIN / SELL LOL MANNEQUIN / SELL OMG MANNEQUIN / SELL TROLL MANNEQUIN / SELL HOLOGRAPHIC MANNEQUIN / SELL SHINY MANNEQUIN /SELL SNOWTOPIAN / SELL SANDTOPIAN\nSELL CHEAP AT <:Arrow:850540193626193941> BLOCKKR"
        },
        {
          "id": "900860787298553877",
          "message": "SELL CHEAP AT <:Arrow:850540193626193941> BLOCKKR\n<:correct:999455082032672843>Sell Rollback Plaque VII\n<:correct:999455082032672843>Sell Rollback Plaque IX\nSELL CHEAP AT <:Arrow:850540193626193941> BLOCKKR"
        },
        {
          "id": "846673193426354176",
          "message": "SELL CHEAP AT <:Arrow:850540193626193941> BLOCKKR\nSell Display shelf | Sell Wooden Platform | Sell Fish Landing | Sell Hover Platform | Sell Fire Escape | Sell Candy Cane Platform | Sell Bountiful Bamboo Platform | Sell Snowy Rocks Platform | Sell Seagull | Sell Rayman - Band Land Platform | Sell Rayman - Dream Forest Platform | Sell Bone Platform | Sell Starship Gloor Grill | Sell Galleons Mast - Crossbeam | Sell Sideways Vines | Sell Horizontacles | Sell Creepstone Platform | Sell Colonization Wagon Base | Sell Ladder | Sell Starship Deck Ladders | Sell Rickety Ladders | Sell Dark Walnut Ladders |  Sell Climbing Vine | Sell Bountiful Bamboo Ladders | Sell Stage Support | Sell Diving Board Support | Sell Assasins Creed: Renaissance Scaffolding | Sell Rayman - Dream Forest Lianas | Sell Subway Stairs | Sell Regal Stairs | Sell Diamond Regal Stairs | Sell Corn Field Ladder | Sell Sunflower Ladder | Sell Swamp Stump | Sell Stell Girder | Sell Sacred Scarf Block | Sell Staircase | Sell Tiled Staircase |\nSELL CHEAP AT <:Arrow:850540193626193941> BLOCKKR"
        },
        {
          "id": "784189920742342688",
          "message": "SELL CHEAP AT <:Arrow:850540193626193941> BLOCKKR\n<:correct:999455082032672843>Sell Long Tree Log\n<:correct:999455082032672843>Sell Tall Tree Log\n<:correct:999455082032672843>Sell Santa's Chair\n<:correct:999455082032672843>Sell Snowflake Block\n<:correct:999455082032672843>Sell Snowy Rocks\n<:correct:999455082032672843>Sell Snow Block\n<:correct:999455082032672843>Sell Icy Igloo\nSELL CHEAP AT <:Arrow:850540193626193941> BLOCKKR"
        }
      ]
    }
  ]
}






















