{
  "start_index": 2,
  "accounts": [
    {
      "token": "MTQxMzk0MTkzNjMxMzg2NDE5Mg.GIYI52.OrGf4EElr-_x52Lb_6tvhEXpeEQq8vPS30LgCY",
      "channels": [
        {
          "id": "1104057271215984741",
          "message": "SELL CHEAP AT <:Arrow:850540193626193941> BLOCKYU\nDisplay block | Display Box | Roulette | Fireplace | Transmatter field | Donation Box | Hedge | Cutaway | Glowy | Jade block | Basic Blue Block | Marble | Crystalized Star Fragment | Heartcastle stone | Steel block | Golden Block | Alien block | Xenoid | Candy Block | Clouds | Pillar | Heartcastle column | Granite Column | Snowy rock | Telephone | Treasure Chest | One way block | Couch | Black leather couch | Number block | Rune stone | Dimension Block | Aqua Cave Crystal | Grey Block | Purple Block | Red Block | Orange Block, Yellow Block, Green Block, Aqua Block, Blue Block | Dark Blue Block, Dark Purple Block | Dark Green Block, Dark Aqua Block, Dark Red Block, Dark grey Block, Dark Yellow Block, Dark Orange Block, Dark Brown Block, Black Block, White Block | Shining Block - Purple Red Yellow | Granite Block | Jade Block | Rainbow Block | Crystalized Star Fragment Block | Roulette Wheel | Starship Floor Tile | Plumbing | Ice Throne of Winter | Up, Up, and Away Block|Mirage Platform\nSELL CHEAP AT <:Arrow:850540193626193941> BLOCKYU"
        }
      ]
    },
    {
      "token": "MTQxMzk0NDY5MjQwMzMzOTI5NQ.Gpf0Vz.StgRsJ1A3gK6_2KhVQc7bGXvIDUcefLlCVuxc8",
      "channels": [
        {
          "id": "1104057271215984741",
          "message": "SELL CHEAP AT <:Arrow:850540193626193941> BLOCKPS\nShifty Block, Crystal Block, Ruby Block, Emerald Block, Topaz Block, Sapphire Block, Opal Block, Glowy Block, Cutaway Block, Marquee Block, Marble Block, Granite Block, Dwarven Wall, Celtic Block, Xenoid Block, Alien Block, Cloudstone Block, Outie Block, Innie Block, Jade Block, Ice Cube, Fatberg Block, Mud Puddle, Dark Chocolate Block, Chocolate Orange Block, White Chocolate Block, Chocolate Block, Chocolate Swirl Block, Dark Walnut Block, Mystery Block, Achievement Block, Sandstone, Art Deco Block, Bubble Block, Compu Panel, Solar Panel, Teeny Blocks, Golden Block, Steel Block, Blue Glass Block, Shining Block - Purple, Shining Block - Red, Shining Block - Yellow, Black Block, White Block, Puzzle Brick, Heartcastle Stone, Rock, Cobblestone Block, Techno Grass, Matrix Dirt, Digital Dirt\nSELL CHEAP AT <:Arrow:850540193626193941> BLOCKPS"
        }
      ]
    },
    {
      "token": "MTQxMzk0NjY3ODYwMzQxNTU5Mw.GoFDQr.Wd5ZDu8tLvyt85XbHU5S7j7H9LJ_s-imTB6Gb8",
      "channels": [
        {
          "id": "1104057271215984741",
          "message": "SELL CHEAP AT <:Arrow:850540193626193941> BLOCKXA\nDisplay block | Display Box | Roulette | Fireplace | Transmatter field | Donation Box | Hedge | Cutaway | Glowy | Jade block | Basic Blue Block | Marble | Crystalized Star Fragment | Heartcastle stone | Steel block | Golden Block | Alien block | Xenoid | Candy Block | Clouds | Pillar | Heartcastle column | Granite Column | Snowy rock | Telephone | Treasure Chest | One way block | Couch | Black leather couch | Number block | Rune stone | Dimension Block | Aqua Cave Crystal | Grey Block | Purple Block | Red Block | Orange Block, Yellow Block, Green Block, Aqua Block, Blue Block | Dark Blue Block, Dark Purple Block | Dark Green Block, Dark Aqua Block, Dark Red Block, Dark grey Block, Dark Yellow Block, Dark Orange Block, Dark Brown Block, Black Block, White Block | Shining Block - Purple Red Yellow | Granite Block | Jade Block | Rainbow Block | Crystalized Star Fragment Block | Roulette Wheel | Starship Floor Tile | Plumbing | Ice Throne of Winter | Up, Up, and Away Block|Mirage Platform\nSELL CHEAP AT <:Arrow:850540193626193941> BLOCKXA"
        }
      ]
    },
    {
      "token": "MTQxMzk1MzM5MzUzNzQ1NDE2MA.GsUIjo.4wTmwwhw9aS0J1iWSS9kLWYy-IpmE5Yz1YEjdc",
      "channels": [
        {
          "id": "1104057271215984741",
          "message": "SELL CHEAP AT <:Arrow:850540193626193941> BLOCKAM\nShifty Block, Crystal Block, Ruby Block, Emerald Block, Topaz Block, Sapphire Block, Opal Block, Glowy Block, Cutaway Block, Marquee Block, Marble Block, Granite Block, Dwarven Wall, Celtic Block, Xenoid Block, Alien Block, Cloudstone Block, Outie Block, Innie Block, Jade Block, Ice Cube, Fatberg Block, Mud Puddle, Dark Chocolate Block, Chocolate Orange Block, White Chocolate Block, Chocolate Block, Chocolate Swirl Block, Dark Walnut Block, Mystery Block, Achievement Block, Sandstone, Art Deco Block, Bubble Block, Compu Panel, Solar Panel, Teeny Blocks, Golden Block, Steel Block, Blue Glass Block, Shining Block - Purple, Shining Block - Red, Shining Block - Yellow, Black Block, White Block, Puzzle Brick, Heartcastle Stone, Rock, Cobblestone Block, Techno Grass, Matrix Dirt, Digital Dirt\nSELL CHEAP AT <:Arrow:850540193626193941> BLOCKAM"
        }
      ]
    },
    {
      "token": "MTQxMzk1NTUzMzgyNzg2NjcxNA.GSoDFf.pwNp5Iot-_Y35j7vv4JDsEDVrv7vlRf981d47w",
      "channels": [
        {
          "id": "1104057271215984741",
          "message": "SELL CHEAP AT <:Arrow:850540193626193941> BLOCKVZ\nDisplay block | Display Box | Roulette | Fireplace | Transmatter field | Donation Box | Hedge | Cutaway | Glowy | Jade block | Basic Blue Block | Marble | Crystalized Star Fragment | Heartcastle stone | Steel block | Golden Block | Alien block | Xenoid | Candy Block | Clouds | Pillar | Heartcastle column | Granite Column | Snowy rock | Telephone | Treasure Chest | One way block | Couch | Black leather couch | Number block | Rune stone | Dimension Block | Aqua Cave Crystal | Grey Block | Purple Block | Red Block | Orange Block, Yellow Block, Green Block, Aqua Block, Blue Block | Dark Blue Block, Dark Purple Block | Dark Green Block, Dark Aqua Block, Dark Red Block, Dark grey Block, Dark Yellow Block, Dark Orange Block, Dark Brown Block, Black Block, White Block | Shining Block - Purple Red Yellow | Granite Block | Jade Block | Rainbow Block | Crystalized Star Fragment Block | Roulette Wheel | Starship Floor Tile | Plumbing | Ice Throne of Winter | Up, Up, and Away Block|Mirage Platform\nSELL CHEAP AT <:Arrow:850540193626193941> BLOCKVZ"
        }
      ]
    },
    {
      "token": "MTQxMzk2Mjc2OTUxMzk3MTgwMw.Gb5xLC.XMEgM8lP5B4kFbgGV2WCd2Jt_X-srL3_FkTC-E",
      "channels": [
        {
          "id": "1104057271215984741",
          "message": "SELL CHEAP AT <:Arrow:850540193626193941> BLOCKHB\nShifty Block, Crystal Block, Ruby Block, Emerald Block, Topaz Block, Sapphire Block, Opal Block, Glowy Block, Cutaway Block, Marquee Block, Marble Block, Granite Block, Dwarven Wall, Celtic Block, Xenoid Block, Alien Block, Cloudstone Block, Outie Block, Innie Block, Jade Block, Ice Cube, Fatberg Block, Mud Puddle, Dark Chocolate Block, Chocolate Orange Block, White Chocolate Block, Chocolate Block, Chocolate Swirl Block, Dark Walnut Block, Mystery Block, Achievement Block, Sandstone, Art Deco Block, Bubble Block, Compu Panel, Solar Panel, Teeny Blocks, Golden Block, Steel Block, Blue Glass Block, Shining Block - Purple, Shining Block - Red, Shining Block - Yellow, Black Block, White Block, Puzzle Brick, Heartcastle Stone, Rock, Cobblestone Block, Techno Grass, Matrix Dirt, Digital Dirt\nSELL CHEAP AT <:Arrow:850540193626193941> BLOCKHB"
        }
      ]
    },
    {
      "token": "MTQxMzk2NTU1MjAwNjcyOTgzNA.GQyzfi.sNm2kixoqKENcHIpCF0Tu1fGVAtNc8zOuNdm3E",
      "channels": [
        {
          "id": "1104057271215984741",
          "message": "SELL CHEAP AT <:Arrow:850540193626193941> BLOCKIJ\nDisplay block | Display Box | Roulette | Fireplace | Transmatter field | Donation Box | Hedge | Cutaway | Glowy | Jade block | Basic Blue Block | Marble | Crystalized Star Fragment | Heartcastle stone | Steel block | Golden Block | Alien block | Xenoid | Candy Block | Clouds | Pillar | Heartcastle column | Granite Column | Snowy rock | Telephone | Treasure Chest | One way block | Couch | Black leather couch | Number block | Rune stone | Dimension Block | Aqua Cave Crystal | Grey Block | Purple Block | Red Block | Orange Block, Yellow Block, Green Block, Aqua Block, Blue Block | Dark Blue Block, Dark Purple Block | Dark Green Block, Dark Aqua Block, Dark Red Block, Dark grey Block, Dark Yellow Block, Dark Orange Block, Dark Brown Block, Black Block, White Block | Shining Block - Purple Red Yellow | Granite Block | Jade Block | Rainbow Block | Crystalized Star Fragment Block | Roulette Wheel | Starship Floor Tile | Plumbing | Ice Throne of Winter | Up, Up, and Away Block|Mirage Platform\nSELL CHEAP AT <:Arrow:850540193626193941> BLOCKIJ"
        }
      ]
    },
    {
      "token": "MTQxMzk2NzA4MTc1NzYwNTk2MQ.GjCywq.Bu-g0aTGB6NGUAl67rze4UVjPoB_5S1nIXAoFk",
      "channels": [
        {
          "id": "1104057271215984741",
          "message": "SELL CHEAP AT <:Arrow:850540193626193941> KEAD\nShifty Block, Crystal Block, Ruby Block, Emerald Block, Topaz Block, Sapphire Block, Opal Block, Glowy Block, Cutaway Block, Marquee Block, Marble Block, Granite Block, Dwarven Wall, Celtic Block, Xenoid Block, Alien Block, Cloudstone Block, Outie Block, Innie Block, Jade Block, Ice Cube, Fatberg Block, Mud Puddle, Dark Chocolate Block, Chocolate Orange Block, White Chocolate Block, Chocolate Block, Chocolate Swirl Block, Dark Walnut Block, Mystery Block, Achievement Block, Sandstone, Art Deco Block, Bubble Block, Compu Panel, Solar Panel, Teeny Blocks, Golden Block, Steel Block, Blue Glass Block, Shining Block - Purple, Shining Block - Red, Shining Block - Yellow, Black Block, White Block, Puzzle Brick, Heartcastle Stone, Rock, Cobblestone Block, Techno Grass, Matrix Dirt, Digital Dirt\nSELL CHEAP AT <:Arrow:850540193626193941> KEAD"
        }
      ]
    },
    {
      "token": "MTMwNjI2MDk3NjEzMTExNzA1OA.G9dLZL.I4Dh0oTMUsVyv85uSMKQC9ZuzYOPoN5i4MujlY",
      "channels": [
        {
          "id": "1104057271215984741",
          "message": "SELL CHEAP AT <:Arrow:850540193626193941> PODU\nDisplay block | Display Box | Roulette | Fireplace | Transmatter field | Donation Box | Hedge | Cutaway | Glowy | Jade block | Basic Blue Block | Marble | Crystalized Star Fragment | Heartcastle stone | Steel block | Golden Block | Alien block | Xenoid | Candy Block | Clouds | Pillar | Heartcastle column | Granite Column | Snowy rock | Telephone | Treasure Chest | One way block | Couch | Black leather couch | Number block | Rune stone | Dimension Block | Aqua Cave Crystal | Grey Block | Purple Block | Red Block | Orange Block, Yellow Block, Green Block, Aqua Block, Blue Block | Dark Blue Block, Dark Purple Block | Dark Green Block, Dark Aqua Block, Dark Red Block, Dark grey Block, Dark Yellow Block, Dark Orange Block, Dark Brown Block, Black Block, White Block | Shining Block - Purple Red Yellow | Granite Block | Jade Block | Rainbow Block | Crystalized Star Fragment Block | Roulette Wheel | Starship Floor Tile | Plumbing | Ice Throne of Winter | Up, Up, and Away Block|Mirage Platform\nSELL CHEAP AT <:Arrow:850540193626193941> PODU"
        }
      ]
    },
    {
      "token": "MTQxNDE1MTkxNTU0NTE3MDAzMQ.Gor-Ca.tQWVF5SN08slGzOHbYiaOdzvuY61LKgfFmPPp4",
      "channels": [
        {
          "id": "1104057271215984741",
          "message": "SELL CHEAP AT <:Arrow:850540193626193941> BLOCKMS\nShifty Block, Crystal Block, Ruby Block, Emerald Block, Topaz Block, Sapphire Block, Opal Block, Glowy Block, Cutaway Block, Marquee Block, Marble Block, Granite Block, Dwarven Wall, Celtic Block, Xenoid Block, Alien Block, Cloudstone Block, Outie Block, Innie Block, Jade Block, Ice Cube, Fatberg Block, Mud Puddle, Dark Chocolate Block, Chocolate Orange Block, White Chocolate Block, Chocolate Block, Chocolate Swirl Block, Dark Walnut Block, Mystery Block, Achievement Block, Sandstone, Art Deco Block, Bubble Block, Compu Panel, Solar Panel, Teeny Blocks, Golden Block, Steel Block, Blue Glass Block, Shining Block - Purple, Shining Block - Red, Shining Block - Yellow, Black Block, White Block, Puzzle Brick, Heartcastle Stone, Rock, Cobblestone Block, Techno Grass, Matrix Dirt, Digital Dirt\nSELL CHEAP AT <:Arrow:850540193626193941> BLOCKMS"
        }
      ]
    },
    {
      "token": "MTQxNDE1NzI2NzU2MTA4NzAyOA.Gs7s_k.acHnxDrKk9iz8XZMJMRNtOp0qsW9isG16BoC3s",
      "channels": [
        {
          "id": "1104057271215984741",
          "message": "SELL CHEAP AT <:Arrow:850540193626193941> BLOCKIM\nDisplay block | Display Box | Roulette | Fireplace | Transmatter field | Donation Box | Hedge | Cutaway | Glowy | Jade block | Basic Blue Block | Marble | Crystalized Star Fragment | Heartcastle stone | Steel block | Golden Block | Alien block | Xenoid | Candy Block | Clouds | Pillar | Heartcastle column | Granite Column | Snowy rock | Telephone | Treasure Chest | One way block | Couch | Black leather couch | Number block | Rune stone | Dimension Block | Aqua Cave Crystal | Grey Block | Purple Block | Red Block | Orange Block, Yellow Block, Green Block, Aqua Block, Blue Block | Dark Blue Block, Dark Purple Block | Dark Green Block, Dark Aqua Block, Dark Red Block, Dark grey Block, Dark Yellow Block, Dark Orange Block, Dark Brown Block, Black Block, White Block | Shining Block - Purple Red Yellow | Granite Block | Jade Block | Rainbow Block | Crystalized Star Fragment Block | Roulette Wheel | Starship Floor Tile | Plumbing | Ice Throne of Winter | Up, Up, and Away Block|Mirage Platform\nSELL CHEAP AT <:Arrow:850540193626193941> BLOCKIM"
        }
      ]
    },
    {
      "token": "MTQxNDI2MTM1Mzg2NjA2ODAwOA.GJQkQH.oKBcaMeCEOnvk_UAd6SDY9orrKcb682oRiTBHY",
      "channels": [
        {
          "id": "1104057271215984741",
          "message": "SELL CHEAP AT <:Arrow:850540193626193941> BLOCKKR\nShifty Block, Crystal Block, Ruby Block, Emerald Block, Topaz Block, Sapphire Block, Opal Block, Glowy Block, Cutaway Block, Marquee Block, Marble Block, Granite Block, Dwarven Wall, Celtic Block, Xenoid Block, Alien Block, Cloudstone Block, Outie Block, Innie Block, Jade Block, Ice Cube, Fatberg Block, Mud Puddle, Dark Chocolate Block, Chocolate Orange Block, White Chocolate Block, Chocolate Block, Chocolate Swirl Block, Dark Walnut Block, Mystery Block, Achievement Block, Sandstone, Art Deco Block, Bubble Block, Compu Panel, Solar Panel, Teeny Blocks, Golden Block, Steel Block, Blue Glass Block, Shining Block - Purple, Shining Block - Red, Shining Block - Yellow, Black Block, White Block, Puzzle Brick, Heartcastle Stone, Rock, Cobblestone Block, Techno Grass, Matrix Dirt, Digital Dirt\nSELL CHEAP AT <:Arrow:850540193626193941> BLOCKKR"
        }
      ]
    }
  ]
}
