{
  "start_index": 3,
  "accounts": [
    {
      "token": "MTQxMzk0MTkzNjMxMzg2NDE5Mg.GIYI52.OrGf4EElr-_x52Lb_6tvhEXpeEQq8vPS30LgCY",
      "channels": [
        {
          "id": "846671811223355402",
          "message": "SELL CHEAP AT <:Arrow:850540193626193941> BLOCKYU\nDungeon Door / Hospital Door / Log Cabin Door / Saloon Doors / Barn Door Screen Door /Dark Castle Door / Corrupted Castle Door / Cave Entrance / Starship Door / Pueblock Door / Haunted Door / Toasted Village Door Bountiful Jungle Temple Door /Rickety Door / Twisted Mansion Door / Mystery Door / Moon Place Door / Gingerbread Door / Castle Door /Heartcastle Door / Cottage Doorway / Halfling House Door / Super Pineapple Door / Password Door / Gateway to Adventure / Path Marker / Objective Marker / Vip Entrance / Guild Entrance - Normal / Guild Entrance - Ornate / House Entrance / Red House Entrance / Secret Passage / Hidden Door / Coin Door / Air Vent / Ancient Stone Gate / Portcullis / Jail Door / Baroque Iron Gate / Forcefield / Dark Magic Barrier / Dragon Gate / Wolf Gate / Blue Portal / Orange Portal / Mystery Portal / Love Portal / Hellgate / Time-Space Rupture / Lucky Portal\nSELL CHEAP AT <:Arrow:850540193626193941> BLOCKYU"
        },
        {
          "id": "806523338797219860",
          "message": "SELL CHEAP AT <:Arrow:850540193626193941> BLOCKYU\n・Punch Jammer\n・Zombie Jammer\n・Signal Jammer\n・Firehouse\n・Security Camera\n・Starship Security Camera\n・Pigeon\n・Mini - Mod (MM)\n・Antigravity Generator (AG)\n・Game Generator\n・Ghost Charm\n・Guardian Pineapple (GP)\n・Change of Address\n・Door Mover (DM)\nSELL CHEAP AT <:Arrow:850540193626193941> BLOCKYU"
        }
      ]
    },
    {
      "token": "MTQxMzk0NDY5MjQwMzMzOTI5NQ.Gpf0Vz.StgRsJ1A3gK6_2KhVQc7bGXvIDUcefLlCVuxc8",
      "channels": [
        {
          "id": "846671811223355402",
          "message": "SELL CHEAP AT <:Arrow:850540193626193941> BLOCKPS\nDungeon Door / Hospital Door / Log Cabin Door / Saloon Doors / Barn Door Screen Door /Dark Castle Door / Corrupted Castle Door / Cave Entrance / Starship Door / Pueblock Door / Haunted Door / Toasted Village Door Bountiful Jungle Temple Door /Rickety Door / Twisted Mansion Door / Mystery Door / Moon Place Door / Gingerbread Door / Castle Door /Heartcastle Door / Cottage Doorway / Halfling House Door / Super Pineapple Door / Password Door / Gateway to Adventure / Path Marker / Objective Marker / Vip Entrance / Guild Entrance - Normal / Guild Entrance - Ornate / House Entrance / Red House Entrance / Secret Passage / Hidden Door / Coin Door / Air Vent / Ancient Stone Gate / Portcullis / Jail Door / Baroque Iron Gate / Forcefield / Dark Magic Barrier / Dragon Gate / Wolf Gate / Blue Portal / Orange Portal / Mystery Portal / Love Portal / Hellgate / Time-Space Rupture / Lucky Portal\nSELL CHEAP AT <:Arrow:850540193626193941> BLOCKPS"
        },
        {
          "id": "806523338797219860",
          "message": "SELL CHEAP AT <:Arrow:850540193626193941> BLOCKPS\n・Punch Jammer\n・Zombie Jammer\n・Signal Jammer\n・Firehouse\n・Security Camera\n・Starship Security Camera\n・Pigeon\n・Mini - Mod (MM)\n・Antigravity Generator (AG)\n・Game Generator\n・Ghost Charm\n・Guardian Pineapple (GP)\n・Change of Address\n・Door Mover (DM)\nSELL CHEAP AT <:Arrow:850540193626193941> BLOCKPS"
        },
        {
          "id": "782722952256159754",
          "message": "SELL CHEAP AT <:Arrow:850540193626193941> BLOCKPS\nVending Machine, DigiVend Machine, Vending Hub - Checkout Counter, Weather Machine - Sunny, Weather Machine - Stargazing, Weather Machine - Warp Speed, Weather Machine -  Rainy City, Weather Machine - Night, Weather Machine - Arid, Weather Machine - Spooky, Weather Machine - Stuff, Weather Machine - Snowy, Weather Machine - Snowy Night, Weather Machine - Jungle, Weather Machine - Digital Rain, Weather Machine - Valentine's\nSELL CHEAP AT <:Arrow:850540193626193941> BLOCKPS"
        }
      ]
    },
    {
      "token": "MTQxMzk0NjY3ODYwMzQxNTU5Mw.GoFDQr.Wd5ZDu8tLvyt85XbHU5S7j7H9LJ_s-imTB6Gb8",
      "channels": [
        {
          "id": "846671811223355402",
          "message": "SELL CHEAP AT <:Arrow:850540193626193941> BLOCKXA\nDungeon Door / Hospital Door / Log Cabin Door / Saloon Doors / Barn Door Screen Door /Dark Castle Door / Corrupted Castle Door / Cave Entrance / Starship Door / Pueblock Door / Haunted Door / Toasted Village Door Bountiful Jungle Temple Door /Rickety Door / Twisted Mansion Door / Mystery Door / Moon Place Door / Gingerbread Door / Castle Door /Heartcastle Door / Cottage Doorway / Halfling House Door / Super Pineapple Door / Password Door / Gateway to Adventure / Path Marker / Objective Marker / Vip Entrance / Guild Entrance - Normal / Guild Entrance - Ornate / House Entrance / Red House Entrance / Secret Passage / Hidden Door / Coin Door / Air Vent / Ancient Stone Gate / Portcullis / Jail Door / Baroque Iron Gate / Forcefield / Dark Magic Barrier / Dragon Gate / Wolf Gate / Blue Portal / Orange Portal / Mystery Portal / Love Portal / Hellgate / Time-Space Rupture / Lucky Portal\nSELL CHEAP AT <:Arrow:850540193626193941> BLOCKXA"
        },
        {
          "id": "806523338797219860",
          "message": "SELL CHEAP AT <:Arrow:850540193626193941> BLOCKXA\n・Punch Jammer\n・Zombie Jammer\n・Signal Jammer\n・Firehouse\n・Security Camera\n・Starship Security Camera\n・Pigeon\n・Mini - Mod (MM)\n・Antigravity Generator (AG)\n・Game Generator\n・Ghost Charm\n・Guardian Pineapple (GP)\n・Change of Address\n・Door Mover (DM)\nSELL CHEAP AT <:Arrow:850540193626193941> BLOCKXA"
        }
      ]
    },
    {
      "token": "MTQxMzk1MzM5MzUzNzQ1NDE2MA.GsUIjo.4wTmwwhw9aS0J1iWSS9kLWYy-IpmE5Yz1YEjdc",
      "channels": [
        {
          "id": "846671811223355402",
          "message": "SELL CHEAP AT <:Arrow:850540193626193941> BLOCKAM\nDungeon Door / Hospital Door / Log Cabin Door / Saloon Doors / Barn Door Screen Door /Dark Castle Door / Corrupted Castle Door / Cave Entrance / Starship Door / Pueblock Door / Haunted Door / Toasted Village Door Bountiful Jungle Temple Door /Rickety Door / Twisted Mansion Door / Mystery Door / Moon Place Door / Gingerbread Door / Castle Door /Heartcastle Door / Cottage Doorway / Halfling House Door / Super Pineapple Door / Password Door / Gateway to Adventure / Path Marker / Objective Marker / Vip Entrance / Guild Entrance - Normal / Guild Entrance - Ornate / House Entrance / Red House Entrance / Secret Passage / Hidden Door / Coin Door / Air Vent / Ancient Stone Gate / Portcullis / Jail Door / Baroque Iron Gate / Forcefield / Dark Magic Barrier / Dragon Gate / Wolf Gate / Blue Portal / Orange Portal / Mystery Portal / Love Portal / Hellgate / Time-Space Rupture / Lucky Portal\nSELL CHEAP AT <:Arrow:850540193626193941> BLOCKAM"
        },
        {
          "id": "806523338797219860",
          "message": "SELL CHEAP AT <:Arrow:850540193626193941> BLOCKAM\n・Punch Jammer\n・Zombie Jammer\n・Signal Jammer\n・Firehouse\n・Security Camera\n・Starship Security Camera\n・Pigeon\n・Mini - Mod (MM)\n・Antigravity Generator (AG)\n・Game Generator\n・Ghost Charm\n・Guardian Pineapple (GP)\n・Change of Address\n・Door Mover (DM)\nSELL CHEAP AT <:Arrow:850540193626193941> BLOCKAM"
        },
        {
          "id": "782722952256159754",
          "message": "SELL CHEAP AT <:Arrow:850540193626193941> BLOCKAM\nVending Machine, DigiVend Machine, Vending Hub - Checkout Counter, Weather Machine - Sunny, Weather Machine - Stargazing, Weather Machine - Warp Speed, Weather Machine -  Rainy City, Weather Machine - Night, Weather Machine - Arid, Weather Machine - Spooky, Weather Machine - Stuff, Weather Machine - Snowy, Weather Machine - Snowy Night, Weather Machine - Jungle, Weather Machine - Digital Rain, Weather Machine - Valentine's\nSELL CHEAP AT <:Arrow:850540193626193941> BLOCKAM"
        }
      ]
    },
    {
      "token": "MTQxMzk1NTUzMzgyNzg2NjcxNA.GSoDFf.pwNp5Iot-_Y35j7vv4JDsEDVrv7vlRf981d47w",
      "channels": [
        {
          "id": "846671811223355402",
          "message": "SELL CHEAP AT <:Arrow:850540193626193941> BLOCKVZ\nDungeon Door / Hospital Door / Log Cabin Door / Saloon Doors / Barn Door Screen Door /Dark Castle Door / Corrupted Castle Door / Cave Entrance / Starship Door / Pueblock Door / Haunted Door / Toasted Village Door Bountiful Jungle Temple Door /Rickety Door / Twisted Mansion Door / Mystery Door / Moon Place Door / Gingerbread Door / Castle Door /Heartcastle Door / Cottage Doorway / Halfling House Door / Super Pineapple Door / Password Door / Gateway to Adventure / Path Marker / Objective Marker / Vip Entrance / Guild Entrance - Normal / Guild Entrance - Ornate / House Entrance / Red House Entrance / Secret Passage / Hidden Door / Coin Door / Air Vent / Ancient Stone Gate / Portcullis / Jail Door / Baroque Iron Gate / Forcefield / Dark Magic Barrier / Dragon Gate / Wolf Gate / Blue Portal / Orange Portal / Mystery Portal / Love Portal / Hellgate / Time-Space Rupture / Lucky Portal\nSELL CHEAP AT <:Arrow:850540193626193941> BLOCKVZ"
        },
        {
          "id": "806523338797219860",
          "message": "SELL CHEAP AT <:Arrow:850540193626193941> BLOCKVZ\n・Punch Jammer\n・Zombie Jammer\n・Signal Jammer\n・Firehouse\n・Security Camera\n・Starship Security Camera\n・Pigeon\n・Mini - Mod (MM)\n・Antigravity Generator (AG)\n・Game Generator\n・Ghost Charm\n・Guardian Pineapple (GP)\n・Change of Address\n・Door Mover (DM)\nSELL CHEAP AT <:Arrow:850540193626193941> BLOCKVZ"
        }
      ]
    },
    {
      "token": "MTQxMzk2Mjc2OTUxMzk3MTgwMw.Gb5xLC.XMEgM8lP5B4kFbgGV2WCd2Jt_X-srL3_FkTC-E",
      "channels": [
        {
          "id": "846671811223355402",
          "message": "SELL CHEAP AT <:Arrow:850540193626193941> BLOCKHB\nDungeon Door / Hospital Door / Log Cabin Door / Saloon Doors / Barn Door Screen Door /Dark Castle Door / Corrupted Castle Door / Cave Entrance / Starship Door / Pueblock Door / Haunted Door / Toasted Village Door Bountiful Jungle Temple Door /Rickety Door / Twisted Mansion Door / Mystery Door / Moon Place Door / Gingerbread Door / Castle Door /Heartcastle Door / Cottage Doorway / Halfling House Door / Super Pineapple Door / Password Door / Gateway to Adventure / Path Marker / Objective Marker / Vip Entrance / Guild Entrance - Normal / Guild Entrance - Ornate / House Entrance / Red House Entrance / Secret Passage / Hidden Door / Coin Door / Air Vent / Ancient Stone Gate / Portcullis / Jail Door / Baroque Iron Gate / Forcefield / Dark Magic Barrier / Dragon Gate / Wolf Gate / Blue Portal / Orange Portal / Mystery Portal / Love Portal / Hellgate / Time-Space Rupture / Lucky Portal\nSELL CHEAP AT <:Arrow:850540193626193941> BLOCKHB"
        },
        {
          "id": "806523338797219860",
          "message": "SELL CHEAP AT <:Arrow:850540193626193941> BLOCKHB\n・Punch Jammer\n・Zombie Jammer\n・Signal Jammer\n・Firehouse\n・Security Camera\n・Starship Security Camera\n・Pigeon\n・Mini - Mod (MM)\n・Antigravity Generator (AG)\n・Game Generator\n・Ghost Charm\n・Guardian Pineapple (GP)\n・Change of Address\n・Door Mover (DM)\nSELL CHEAP AT <:Arrow:850540193626193941> BLOCKHB"
        },
        {
          "id": "782722952256159754",
          "message": "SELL CHEAP AT <:Arrow:850540193626193941> BLOCKHB\nVending Machine, DigiVend Machine, Vending Hub - Checkout Counter, Weather Machine - Sunny, Weather Machine - Stargazing, Weather Machine - Warp Speed, Weather Machine -  Rainy City, Weather Machine - Night, Weather Machine - Arid, Weather Machine - Spooky, Weather Machine - Stuff, Weather Machine - Snowy, Weather Machine - Snowy Night, Weather Machine - Jungle, Weather Machine - Digital Rain, Weather Machine - Valentine's\nSELL CHEAP AT <:Arrow:850540193626193941> BLOCKHB"
        }
      ]
    },
    {
      "token": "MTQxMzk2NTU1MjAwNjcyOTgzNA.GQyzfi.sNm2kixoqKENcHIpCF0Tu1fGVAtNc8zOuNdm3E",
      "channels": [
        {
          "id": "846671811223355402",
          "message": "SELL CHEAP AT <:Arrow:850540193626193941> BLOCKIJ\nDungeon Door / Hospital Door / Log Cabin Door / Saloon Doors / Barn Door Screen Door /Dark Castle Door / Corrupted Castle Door / Cave Entrance / Starship Door / Pueblock Door / Haunted Door / Toasted Village Door Bountiful Jungle Temple Door /Rickety Door / Twisted Mansion Door / Mystery Door / Moon Place Door / Gingerbread Door / Castle Door /Heartcastle Door / Cottage Doorway / Halfling House Door / Super Pineapple Door / Password Door / Gateway to Adventure / Path Marker / Objective Marker / Vip Entrance / Guild Entrance - Normal / Guild Entrance - Ornate / House Entrance / Red House Entrance / Secret Passage / Hidden Door / Coin Door / Air Vent / Ancient Stone Gate / Portcullis / Jail Door / Baroque Iron Gate / Forcefield / Dark Magic Barrier / Dragon Gate / Wolf Gate / Blue Portal / Orange Portal / Mystery Portal / Love Portal / Hellgate / Time-Space Rupture / Lucky Portal\nSELL CHEAP AT <:Arrow:850540193626193941> BLOCKIJ"
        },
        {
          "id": "806523338797219860",
          "message": "SELL CHEAP AT <:Arrow:850540193626193941> BLOCKIJ\n・Punch Jammer\n・Zombie Jammer\n・Signal Jammer\n・Firehouse\n・Security Camera\n・Starship Security Camera\n・Pigeon\n・Mini - Mod (MM)\n・Antigravity Generator (AG)\n・Game Generator\n・Ghost Charm\n・Guardian Pineapple (GP)\n・Change of Address\n・Door Mover (DM)\nSELL CHEAP AT <:Arrow:850540193626193941> BLOCKIJ"
        }
      ]
    },
    {
      "token": "MTQxMzk2NzA4MTc1NzYwNTk2MQ.GjCywq.Bu-g0aTGB6NGUAl67rze4UVjPoB_5S1nIXAoFk",
      "channels": [
        {
          "id": "846671811223355402",
          "message": "SELL CHEAP AT <:Arrow:850540193626193941> KEAD\nDungeon Door / Hospital Door / Log Cabin Door / Saloon Doors / Barn Door Screen Door /Dark Castle Door / Corrupted Castle Door / Cave Entrance / Starship Door / Pueblock Door / Haunted Door / Toasted Village Door Bountiful Jungle Temple Door /Rickety Door / Twisted Mansion Door / Mystery Door / Moon Place Door / Gingerbread Door / Castle Door /Heartcastle Door / Cottage Doorway / Halfling House Door / Super Pineapple Door / Password Door / Gateway to Adventure / Path Marker / Objective Marker / Vip Entrance / Guild Entrance - Normal / Guild Entrance - Ornate / House Entrance / Red House Entrance / Secret Passage / Hidden Door / Coin Door / Air Vent / Ancient Stone Gate / Portcullis / Jail Door / Baroque Iron Gate / Forcefield / Dark Magic Barrier / Dragon Gate / Wolf Gate / Blue Portal / Orange Portal / Mystery Portal / Love Portal / Hellgate / Time-Space Rupture / Lucky Portal\nSELL CHEAP AT <:Arrow:850540193626193941> KEAD"
        },
        {
          "id": "806523338797219860",
          "message": "SELL CHEAP AT <:Arrow:850540193626193941> KEAD\n・Punch Jammer\n・Zombie Jammer\n・Signal Jammer\n・Firehouse\n・Security Camera\n・Starship Security Camera\n・Pigeon\n・Mini - Mod (MM)\n・Antigravity Generator (AG)\n・Game Generator\n・Ghost Charm\n・Guardian Pineapple (GP)\n・Change of Address\n・Door Mover (DM)\nSELL CHEAP AT <:Arrow:850540193626193941> KEAD"
        },
        {
          "id": "782722952256159754",
          "message": "SELL CHEAP AT <:Arrow:850540193626193941> KEAD\nVending Machine, DigiVend Machine, Vending Hub - Checkout Counter, Weather Machine - Sunny, Weather Machine - Stargazing, Weather Machine - Warp Speed, Weather Machine -  Rainy City, Weather Machine - Night, Weather Machine - Arid, Weather Machine - Spooky, Weather Machine - Stuff, Weather Machine - Snowy, Weather Machine - Snowy Night, Weather Machine - Jungle, Weather Machine - Digital Rain, Weather Machine - Valentine's\nSELL CHEAP AT <:Arrow:850540193626193941> KEAD"
        }
      ]
    },
    {
      "token": "MTMwNjI2MDk3NjEzMTExNzA1OA.G9dLZL.I4Dh0oTMUsVyv85uSMKQC9ZuzYOPoN5i4MujlY",
      "channels": [
        {
          "id": "846671811223355402",
          "message": "SELL CHEAP AT <:Arrow:850540193626193941> PODU\nDungeon Door / Hospital Door / Log Cabin Door / Saloon Doors / Barn Door Screen Door /Dark Castle Door / Corrupted Castle Door / Cave Entrance / Starship Door / Pueblock Door / Haunted Door / Toasted Village Door Bountiful Jungle Temple Door /Rickety Door / Twisted Mansion Door / Mystery Door / Moon Place Door / Gingerbread Door / Castle Door /Heartcastle Door / Cottage Doorway / Halfling House Door / Super Pineapple Door / Password Door / Gateway to Adventure / Path Marker / Objective Marker / Vip Entrance / Guild Entrance - Normal / Guild Entrance - Ornate / House Entrance / Red House Entrance / Secret Passage / Hidden Door / Coin Door / Air Vent / Ancient Stone Gate / Portcullis / Jail Door / Baroque Iron Gate / Forcefield / Dark Magic Barrier / Dragon Gate / Wolf Gate / Blue Portal / Orange Portal / Mystery Portal / Love Portal / Hellgate / Time-Space Rupture / Lucky Portal\nSELL CHEAP AT <:Arrow:850540193626193941> PODU"
        },
        {
          "id": "806523338797219860",
          "message": "SELL CHEAP AT <:Arrow:850540193626193941> PODU\n・Punch Jammer\n・Zombie Jammer\n・Signal Jammer\n・Firehouse\n・Security Camera\n・Starship Security Camera\n・Pigeon\n・Mini - Mod (MM)\n・Antigravity Generator (AG)\n・Game Generator\n・Ghost Charm\n・Guardian Pineapple (GP)\n・Change of Address\n・Door Mover (DM)\nSELL CHEAP AT <:Arrow:850540193626193941> PODU"
        }
      ]
    },
    {
      "token": "MTQxNDE1MTkxNTU0NTE3MDAzMQ.Gor-Ca.tQWVF5SN08slGzOHbYiaOdzvuY61LKgfFmPPp4",
      "channels": [
        {
          "id": "846671811223355402",
          "message": "SELL CHEAP AT <:Arrow:850540193626193941> BLOCKMS\nDungeon Door / Hospital Door / Log Cabin Door / Saloon Doors / Barn Door Screen Door /Dark Castle Door / Corrupted Castle Door / Cave Entrance / Starship Door / Pueblock Door / Haunted Door / Toasted Village Door Bountiful Jungle Temple Door /Rickety Door / Twisted Mansion Door / Mystery Door / Moon Place Door / Gingerbread Door / Castle Door /Heartcastle Door / Cottage Doorway / Halfling House Door / Super Pineapple Door / Password Door / Gateway to Adventure / Path Marker / Objective Marker / Vip Entrance / Guild Entrance - Normal / Guild Entrance - Ornate / House Entrance / Red House Entrance / Secret Passage / Hidden Door / Coin Door / Air Vent / Ancient Stone Gate / Portcullis / Jail Door / Baroque Iron Gate / Forcefield / Dark Magic Barrier / Dragon Gate / Wolf Gate / Blue Portal / Orange Portal / Mystery Portal / Love Portal / Hellgate / Time-Space Rupture / Lucky Portal\nSELL CHEAP AT <:Arrow:850540193626193941> BLOCKMS"
        },
        {
          "id": "806523338797219860",
          "message": "SELL CHEAP AT <:Arrow:850540193626193941> BLOCKMS\n・Punch Jammer\n・Zombie Jammer\n・Signal Jammer\n・Firehouse\n・Security Camera\n・Starship Security Camera\n・Pigeon\n・Mini - Mod (MM)\n・Antigravity Generator (AG)\n・Game Generator\n・Ghost Charm\n・Guardian Pineapple (GP)\n・Change of Address\n・Door Mover (DM)\nSELL CHEAP AT <:Arrow:850540193626193941> BLOCKMS"
        },
        {
          "id": "782722952256159754",
          "message": "SELL CHEAP AT <:Arrow:850540193626193941> BLOCKMS\nVending Machine, DigiVend Machine, Vending Hub - Checkout Counter, Weather Machine - Sunny, Weather Machine - Stargazing, Weather Machine - Warp Speed, Weather Machine -  Rainy City, Weather Machine - Night, Weather Machine - Arid, Weather Machine - Spooky, Weather Machine - Stuff, Weather Machine - Snowy, Weather Machine - Snowy Night, Weather Machine - Jungle, Weather Machine - Digital Rain, Weather Machine - Valentine's\nSELL CHEAP AT <:Arrow:850540193626193941> BLOCKMS"
        }
      ]
    },
    {
      "token": "MTQxNDE1NzI2NzU2MTA4NzAyOA.Gs7s_k.acHnxDrKk9iz8XZMJMRNtOp0qsW9isG16BoC3s",
      "channels": [
        {
          "id": "846671811223355402",
          "message": "SELL CHEAP AT <:Arrow:850540193626193941> BLOCKIM\nDungeon Door / Hospital Door / Log Cabin Door / Saloon Doors / Barn Door Screen Door /Dark Castle Door / Corrupted Castle Door / Cave Entrance / Starship Door / Pueblock Door / Haunted Door / Toasted Village Door Bountiful Jungle Temple Door /Rickety Door / Twisted Mansion Door / Mystery Door / Moon Place Door / Gingerbread Door / Castle Door /Heartcastle Door / Cottage Doorway / Halfling House Door / Super Pineapple Door / Password Door / Gateway to Adventure / Path Marker / Objective Marker / Vip Entrance / Guild Entrance - Normal / Guild Entrance - Ornate / House Entrance / Red House Entrance / Secret Passage / Hidden Door / Coin Door / Air Vent / Ancient Stone Gate / Portcullis / Jail Door / Baroque Iron Gate / Forcefield / Dark Magic Barrier / Dragon Gate / Wolf Gate / Blue Portal / Orange Portal / Mystery Portal / Love Portal / Hellgate / Time-Space Rupture / Lucky Portal\nSELL CHEAP AT <:Arrow:850540193626193941> BLOCKIM"
        },
        {
          "id": "806523338797219860",
          "message": "SELL CHEAP AT <:Arrow:850540193626193941> BLOCKIM\n・Punch Jammer\n・Zombie Jammer\n・Signal Jammer\n・Firehouse\n・Security Camera\n・Starship Security Camera\n・Pigeon\n・Mini - Mod (MM)\n・Antigravity Generator (AG)\n・Game Generator\n・Ghost Charm\n・Guardian Pineapple (GP)\n・Change of Address\n・Door Mover (DM)\nSELL CHEAP AT <:Arrow:850540193626193941> BLOCKIM"
        }
      ]
    },
    {
      "token": "MTQxNDI2MTM1Mzg2NjA2ODAwOA.GJQkQH.oKBcaMeCEOnvk_UAd6SDY9orrKcb682oRiTBHY",
      "channels": [
        {
          "id": "846671811223355402",
          "message": "SELL CHEAP AT <:Arrow:850540193626193941> BLOCKKR\nDungeon Door / Hospital Door / Log Cabin Door / Saloon Doors / Barn Door Screen Door /Dark Castle Door / Corrupted Castle Door / Cave Entrance / Starship Door / Pueblock Door / Haunted Door / Toasted Village Door Bountiful Jungle Temple Door /Rickety Door / Twisted Mansion Door / Mystery Door / Moon Place Door / Gingerbread Door / Castle Door /Heartcastle Door / Cottage Doorway / Halfling House Door / Super Pineapple Door / Password Door / Gateway to Adventure / Path Marker / Objective Marker / Vip Entrance / Guild Entrance - Normal / Guild Entrance - Ornate / House Entrance / Red House Entrance / Secret Passage / Hidden Door / Coin Door / Air Vent / Ancient Stone Gate / Portcullis / Jail Door / Baroque Iron Gate / Forcefield / Dark Magic Barrier / Dragon Gate / Wolf Gate / Blue Portal / Orange Portal / Mystery Portal / Love Portal / Hellgate / Time-Space Rupture / Lucky Portal\nSELL CHEAP AT <:Arrow:850540193626193941> BLOCKKR"
        },
        {
          "id": "806523338797219860",
          "message": "SELL CHEAP AT <:Arrow:850540193626193941> BLOCKKR\n・Punch Jammer\n・Zombie Jammer\n・Signal Jammer\n・Firehouse\n・Security Camera\n・Starship Security Camera\n・Pigeon\n・Mini - Mod (MM)\n・Antigravity Generator (AG)\n・Game Generator\n・Ghost Charm\n・Guardian Pineapple (GP)\n・Change of Address\n・Door Mover (DM)\nSELL CHEAP AT <:Arrow:850540193626193941> BLOCKKR"
        },
        {
          "id": "782722952256159754",
          "message": "SELL CHEAP AT <:Arrow:850540193626193941> BLOCKKR\nVending Machine, DigiVend Machine, Vending Hub - Checkout Counter, Weather Machine - Sunny, Weather Machine - Stargazing, Weather Machine - Warp Speed, Weather Machine -  Rainy City, Weather Machine - Night, Weather Machine - Arid, Weather Machine - Spooky, Weather Machine - Stuff, Weather Machine - Snowy, Weather Machine - Snowy Night, Weather Machine - Jungle, Weather Machine - Digital Rain, Weather Machine - Valentine's\nSELL CHEAP AT <:Arrow:850540193626193941> BLOCKKR"
        }
      ]
    }
  ]
}















